no.,listed as,book,author,edition,year
1,Dowager Countess of Albemarle,Letters,"Sancho, Ignatius",1,1782
2,Countess of Aylesford,Letters,"Sancho, Ignatius",1,1782
3,Earl of Ashburnham,Letters,"Sancho, Ignatius",1,1782
4,Earl of Aylesbury,Letters,"Sancho, Ignatius",1,1782
5,Countess of Aylesbury,Letters,"Sancho, Ignatius",1,1782
6,Lady Abdy,Letters,"Sancho, Ignatius",1,1782
7,Mrs. Abdy,Letters,"Sancho, Ignatius",1,1782
8,"Richard Archdall, Esq.",Letters,"Sancho, Ignatius",1,1782
9,"William Adair, Esq.",Letters,"Sancho, Ignatius",1,1782
10,"Robert Adair, Esq.",Letters,"Sancho, Ignatius",1,1782
11,"William Ayton, Esq.",Letters,"Sancho, Ignatius",1,1782
12,"Gilbert Affleck, Esq.",Letters,"Sancho, Ignatius",1,1782
13,"Paul Agutter, Esq.",Letters,"Sancho, Ignatius",1,1782
14,"Duncan McAndrew, Esq.",Letters,"Sancho, Ignatius",1,1782
15,Mrs. Acton.,Letters,"Sancho, Ignatius",1,1782
16,Miss Adams,Letters,"Sancho, Ignatius",1,1782
17,Mrs. Armiger,Letters,"Sancho, Ignatius",1,1782
18,Mrs. Affleck,Letters,"Sancho, Ignatius",1,1782
19,Miss Affleck,Letters,"Sancho, Ignatius",1,1782
20,Mr. Audley,Letters,"Sancho, Ignatius",1,1782
21,Mr. Allington,Letters,"Sancho, Ignatius",1,1782
22,Mr. Abington,Letters,"Sancho, Ignatius",1,1782
23,Mrs. Ash,Letters,"Sancho, Ignatius",1,1782
24,Mr. Andrews,Letters,"Sancho, Ignatius",1,1782
25,Mr. James Alexander,Letters,"Sancho, Ignatius",1,1782
26,Mr. Adney,Letters,"Sancho, Ignatius",1,1782
27,Mr. James Ayms,Letters,"Sancho, Ignatius",1,1782
28,Mr. Antrobus,Letters,"Sancho, Ignatius",1,1782
29,Mr. Abbort,Letters,"Sancho, Ignatius",1,1782
30,Mrs. Anderson,Letters,"Sancho, Ignatius",1,1782
31,Mrs. Ayton,Letters,"Sancho, Ignatius",1,1782
32,Mr. Atkinson,Letters,"Sancho, Ignatius",1,1782
33,Rev. George Ashby,Letters,"Sancho, Ignatius",1,1782
34,Mr. Alderton,Letters,"Sancho, Ignatius",1,1782
35,Mrs. Appleby,Letters,"Sancho, Ignatius",1,1782
36,Mr. Richard Adams,Letters,"Sancho, Ignatius",1,1782
37,Mr. James Allen,Letters,"Sancho, Ignatius",1,1782
38,Mr. M. Aspey,Letters,"Sancho, Ignatius",1,1782
39,Mr. Addinal,Letters,"Sancho, Ignatius",1,1782
40,Her Grace the Dowager Duchess of Beufort,Letters,"Sancho, Ignatius",1,1782
41,Her Grace the Duchess of Bolton,Letters,"Sancho, Ignatius",1,1782
42,Her Grace the Duchess of Bedford,Letters,"Sancho, Ignatius",1,1782
43,His Grace the Duke of Bedford,Letters,"Sancho, Ignatius",1,1782
44,His Grace the Duke of Buccleugh,Letters,"Sancho, Ignatius",1,1782
45,Her Grace the Duchess of Buccleugh,Letters,"Sancho, Ignatius",1,1782
46,Earl of Bristol,Letters,"Sancho, Ignatius",1,1782
47,Countess of Bathurst,Letters,"Sancho, Ignatius",1,1782
48,Lord Brudenell,Letters,"Sancho, Ignatius",1,1782
49,Lady Brudenell,Letters,"Sancho, Ignatius",1,1782
50,Lord Bruce,Letters,"Sancho, Ignatius",1,1782
51,Lady Trif. Bathurst,Letters,"Sancho, Ignatius",1,1782
52,Hon. Mrs. Boscawen,Letters,"Sancho, Ignatius",1,1782
53,Hon. Admiral Barrington,Letters,"Sancho, Ignatius",1,1782
54,"Sir Charles Bunbury, Bart.",Letters,"Sancho, Ignatius",1,1782
55,Sir Peter Burrell,Letters,"Sancho, Ignatius",1,1782
56,"George Brudenell, Esq.",Letters,"Sancho, Ignatius",1,1782
57,"Edmund Burke, Esq.",Letters,"Sancho, Ignatius",1,1782
58,"Henry Bunbury, Esq.",Letters,"Sancho, Ignatius",1,1782
59,Mrs. Bunbury,Letters,"Sancho, Ignatius",1,1782
60,Master Bunbury,Letters,"Sancho, Ignatius",1,1782
61,"George Boscawen, Esq.",Letters,"Sancho, Ignatius",1,1782
62,Mrs. Boscawen,Letters,"Sancho, Ignatius",1,1782
63,"William Beckford, Esq.",Letters,"Sancho, Ignatius",1,1782
64,"Abraham Bayley, Esq.",Letters,"Sancho, Ignatius",1,1782
65,"Daniel Brathwaite, Esq.",Letters,"Sancho, Ignatius",1,1782
66,Mr. James Brathwaite,Letters,"Sancho, Ignatius",1,1782
67,Miss Brathwaite,Letters,"Sancho, Ignatius",1,1782
68,"William Brummell, Esq.",Letters,"Sancho, Ignatius",1,1782
69,"George Bitton, Esq.",Letters,"Sancho, Ignatius",1,1782
70,"P. Beaumont, Esq.",Letters,"Sancho, Ignatius",1,1782
71,Mr. D. Beaumont,Letters,"Sancho, Ignatius",1,1782
72,Rev. George Burton,Letters,"Sancho, Ignatius",1,1782
73,"William Earl Bulwer, Esq.",Letters,"Sancho, Ignatius",1,1782
74,"Charles Balders, Esq.",Letters,"Sancho, Ignatius",1,1782
75,"William Burrel, Esq.",Letters,"Sancho, Ignatius",1,1782
76,"Richard Bull, Esq.",Letters,"Sancho, Ignatius",1,1782
77,"Daniel Bull, Esq.",Letters,"Sancho, Ignatius",1,1782
78,"Robert Browning, Esq.",Letters,"Sancho, Ignatius",1,1782
79,"George Blunt, Esq.",Letters,"Sancho, Ignatius",1,1782
80,"William Beverley, Esq.",Letters,"Sancho, Ignatius",1,1782
81,"Phillip Bedingfield, Esq.",Letters,"Sancho, Ignatius",1,1782
82,"Edmund Barkham, Esq.",Letters,"Sancho, Ignatius",1,1782
83,"Edward Boldero, Esq.",Letters,"Sancho, Ignatius",1,1782
84,"Atkinson Bush, Esq.",Letters,"Sancho, Ignatius",1,1782
85,"B. Broughton, Esq.",Letters,"Sancho, Ignatius",1,1782
86,Mr. Brandson,Letters,"Sancho, Ignatius",1,1782
87,Mr. Baker,Letters,"Sancho, Ignatius",1,1782
88,Rev. Thomas Cooke Burroughs,Letters,"Sancho, Ignatius",1,1782
89,Mr. Batch,Letters,"Sancho, Ignatius",1,1782
90,Mr. Best,Letters,"Sancho, Ignatius",1,1782
91,Mr. Bidwell,Letters,"Sancho, Ignatius",1,1782
92,Dr. Bagg,Letters,"Sancho, Ignatius",1,1782
93,Mrs. J. Bowdler,Letters,"Sancho, Ignatius",1,1782
94,Mrs. Berens,Letters,"Sancho, Ignatius",1,1782
95,Mrs. Baron,Letters,"Sancho, Ignatius",1,1782
96,Rev. Beeriah Brookes,Letters,"Sancho, Ignatius",1,1782
97,Miss Browne,Letters,"Sancho, Ignatius",1,1782
98,Rev. Charles Browne,Letters,"Sancho, Ignatius",1,1782
99,Rev. Mr. Barnwell,Letters,"Sancho, Ignatius",1,1782
100,Mrs. Borton,Letters,"Sancho, Ignatius",1,1782
101,Miss Blizard,Letters,"Sancho, Ignatius",1,1782
102,Mrs. Boone,Letters,"Sancho, Ignatius",1,1782
103,Capt. Belford,Letters,"Sancho, Ignatius",1,1782
104,Miss Buller,Letters,"Sancho, Ignatius",1,1782
105,Mr. Bardwell,Letters,"Sancho, Ignatius",1,1782
106,Dr. Bowdler,Letters,"Sancho, Ignatius",1,1782
107,Mrs. Bouchery,Letters,"Sancho, Ignatius",1,1782
108,Mr. Barnardiston,Letters,"Sancho, Ignatius",1,1782
109,Mrs. Bankes,Letters,"Sancho, Ignatius",1,1782
110,Mr. Bryan,Letters,"Sancho, Ignatius",1,1782
111,Mrs. Banks,Letters,"Sancho, Ignatius",1,1782
112,Mrs. Eleanor Bevan,Letters,"Sancho, Ignatius",1,1782
113,Mr. Ballaintyne,Letters,"Sancho, Ignatius",1,1782
114,Mrs. E. Brewster,Letters,"Sancho, Ignatius",1,1782
115,Mr. Brown,Letters,"Sancho, Ignatius",1,1782
116,Mr. Basilico,Letters,"Sancho, Ignatius",1,1782
117,Mr. Byfield,Letters,"Sancho, Ignatius",1,1782
118,Master Burton,Letters,"Sancho, Ignatius",1,1782
119,Mr. T. M. Boralet,Letters,"Sancho, Ignatius",1,1782
120,Major Burton,Letters,"Sancho, Ignatius",1,1782
121,Mr. Berry,Letters,"Sancho, Ignatius",1,1782
122,Mrs. Barne,Letters,"Sancho, Ignatius",1,1782
123,Lieutenant Blunt,Letters,"Sancho, Ignatius",1,1782
124,Mr. James Barow,Letters,"Sancho, Ignatius",1,1782
125,Mr. Samuel Bradford,Letters,"Sancho, Ignatius",1,1782
126,Mr. Peter Baron,Letters,"Sancho, Ignatius",1,1782
127,Mr. Brown,Letters,"Sancho, Ignatius",1,1782
128,Mrs. Brown,Letters,"Sancho, Ignatius",1,1782
129,Mr. Thomas Buck,Letters,"Sancho, Ignatius",1,1782
130,Mr. Robert Bryant,Letters,"Sancho, Ignatius",1,1782
131,Mr. R. Bingley,Letters,"Sancho, Ignatius",1,1782
132,Mr. James Booth,Letters,"Sancho, Ignatius",1,1782
133,Mr. Bontflower,Letters,"Sancho, Ignatius",1,1782
134,Mr. Bunce,Letters,"Sancho, Ignatius",1,1782
135,Mr. Brewerton,Letters,"Sancho, Ignatius",1,1782
136,Mr. Bland,Letters,"Sancho, Ignatius",1,1782
137,Rev. George Booth,Letters,"Sancho, Ignatius",1,1782
138,Mr. Henry Browne,Letters,"Sancho, Ignatius",1,1782
139,Miss Buckle,Letters,"Sancho, Ignatius",1,1782
140,Miss Borrett,Letters,"Sancho, Ignatius",1,1782
141,Mrs. Barwick,Letters,"Sancho, Ignatius",1,1782
142,Rev. J. Brundish,Letters,"Sancho, Ignatius",1,1782
143,Mrs. Bentley,Letters,"Sancho, Ignatius",1,1782
144,Mrs. Ballentine,Letters,"Sancho, Ignatius",1,1782
145,Mr. Bellingham,Letters,"Sancho, Ignatius",1,1782
146,Mrs. Bellingham,Letters,"Sancho, Ignatius",1,1782
147,Mr. Brock,Letters,"Sancho, Ignatius",1,1782
148,Mr. Bradford,Letters,"Sancho, Ignatius",1,1782
149,Mr. Bolton,Letters,"Sancho, Ignatius",1,1782
150,Mrs. Susannah Baskett,Letters,"Sancho, Ignatius",1,1782
151,Mr. Bray,Letters,"Sancho, Ignatius",1,1782
152,Mr. Beaumont,Letters,"Sancho, Ignatius",1,1782
153,Mr. Burton,Letters,"Sancho, Ignatius",1,1782
154,Mr. Byrne,Letters,"Sancho, Ignatius",1,1782
155,Mrs. Eleanor Bailey,Letters,"Sancho, Ignatius",1,1782
156,Mr. C. Baker,Letters,"Sancho, Ignatius",1,1782
157,Mr. Bird,Letters,"Sancho, Ignatius",1,1782
158,Mr. Best,Letters,"Sancho, Ignatius",1,1782
159,Mr. Betts,Letters,"Sancho, Ignatius",1,1782
160,E-- B--,Letters,"Sancho, Ignatius",1,1782
161,Mr. Barret,Letters,"Sancho, Ignatius",1,1782
162,Her Grace the Dowager Duchess of Chandos,Letters,"Sancho, Ignatius",1,1782
163,Earl of Carlisle,Letters,"Sancho, Ignatius",1,1782
164,Countess of Carlisle,Letters,"Sancho, Ignatius",1,1782
165,Earl of Chatham,Letters,"Sancho, Ignatius",1,1782
166,Earl of Corke,Letters,"Sancho, Ignatius",1,1782
167,Earl of Clermont,Letters,"Sancho, Ignatius",1,1782
168,Right Rev. Lord Bishop of Chester,Letters,"Sancho, Ignatius",1,1782
169,Lord Craven,Letters,"Sancho, Ignatius",1,1782
170,Lord Courtown,Letters,"Sancho, Ignatius",1,1782
171,Lady Courtown,Letters,"Sancho, Ignatius",1,1782
172,Lord George Cavendish,Letters,"Sancho, Ignatius",1,1782
173,Lady George Cavendish,Letters,"Sancho, Ignatius",1,1782
174,Viscountess Chewton,Letters,"Sancho, Ignatius",1,1782
175,Lady Lousia Conolly,Letters,"Sancho, Ignatius",1,1782
176,Mr. Conolly,Letters,"Sancho, Ignatius",1,1782
177,Right Honourable Frederic Carteret,Letters,"Sancho, Ignatius",1,1782
178,Honourable Mrs. Cornwallis,Letters,"Sancho, Ignatius",1,1782
179,Honourable Mr. Clifford,Letters,"Sancho, Ignatius",1,1782
180,Honourable Richard Chetwynd,Letters,"Sancho, Ignatius",1,1782
181,"Sir Grey Cooper, Bart.",Letters,"Sancho, Ignatius",1,1782
182,Lady Cave,Letters,"Sancho, Ignatius",1,1782
183,"John Clementson, Esq.",Letters,"Sancho, Ignatius",1,1782
184,"Thomas Cumings, Esq.",Letters,"Sancho, Ignatius",1,1782
185,Mrs. Cuming,Letters,"Sancho, Ignatius",1,1782
186,"Michael Colling, Esq.",Letters,"Sancho, Ignatius",1,1782
187,Miss Colling,Letters,"Sancho, Ignatius",1,1782
188,"Edmund Coldham, Esq.",Letters,"Sancho, Ignatius",1,1782
189,"James Crane, Esq.",Letters,"Sancho, Ignatius",1,1782
190,Catharine Hall Library,Letters,"Sancho, Ignatius",1,1782
191,"Henry Collett, Esq.",Letters,"Sancho, Ignatius",1,1782
192,"Stratford Cuming, Esq.",Letters,"Sancho, Ignatius",1,1782
193,"Charles Nalson Cole, Esq.",Letters,"Sancho, Ignatius",1,1782
194,"Richard Crop, Esq.",Letters,"Sancho, Ignatius",1,1782
195,"John Charlton, Esq.",Letters,"Sancho, Ignatius",1,1782
196,"James Coldham, jun. Esq.",Letters,"Sancho, Ignatius",1,1782
197,Mrs. Crowley,Letters,"Sancho, Ignatius",1,1782
198,Mrs. Cotton,Letters,"Sancho, Ignatius",1,1782
199,Miss Corrance,Letters,"Sancho, Ignatius",1,1782
200,Mr. Charles Comyns,Letters,"Sancho, Ignatius",1,1782
201,Mr. Coldicott,Letters,"Sancho, Ignatius",1,1782
202,Miss Charron,Letters,"Sancho, Ignatius",1,1782
203,Mrs. Clarke,Letters,"Sancho, Ignatius",1,1782
204,Mr. Chaillot,Letters,"Sancho, Ignatius",1,1782
205,Mr. Cowie,Letters,"Sancho, Ignatius",1,1782
206,Mr. Clode,Letters,"Sancho, Ignatius",1,1782
207,Mr. Clarke,Letters,"Sancho, Ignatius",1,1782
208,Capt. Corbett,Letters,"Sancho, Ignatius",1,1782
209,Mr. Collings,Letters,"Sancho, Ignatius",1,1782
210,Mrs. Chambers,Letters,"Sancho, Ignatius",1,1782
211,Mr. Samuel Cork,Letters,"Sancho, Ignatius",1,1782
212,Mr. Chaplin,Letters,"Sancho, Ignatius",1,1782
213,Mr. John Cooke,Letters,"Sancho, Ignatius",1,1782
214,Rev. Thomas Crick,Letters,"Sancho, Ignatius",1,1782
215,"Daniel Crocket, Esq.",Letters,"Sancho, Ignatius",1,1782
216,Mr. Robert Chullard,Letters,"Sancho, Ignatius",1,1782
217,Mr. Daniel Crockatt,Letters,"Sancho, Ignatius",1,1782
218,Mr. Charles Cross,Letters,"Sancho, Ignatius",1,1782
219,Mr. Richard Cross,Letters,"Sancho, Ignatius",1,1782
220,Mrs. Clarke,Letters,"Sancho, Ignatius",1,1782
221,Mr. C. Crook,Letters,"Sancho, Ignatius",1,1782
222,Mr. John Crook,Letters,"Sancho, Ignatius",1,1782
223,Dr. Campbell,Letters,"Sancho, Ignatius",1,1782
224,Mr. Thomas Cocksedge,Letters,"Sancho, Ignatius",1,1782
225,Mr. T. Cowsell,Letters,"Sancho, Ignatius",1,1782
226,Rev. Mr. Casborne,Letters,"Sancho, Ignatius",1,1782
227,Rev. Mr. Cromleholme,Letters,"Sancho, Ignatius",1,1782
228,Miss Crick,Letters,"Sancho, Ignatius",1,1782
229,Mr. William Clarke,Letters,"Sancho, Ignatius",1,1782
230,Mr. Patrick Codda,Letters,"Sancho, Ignatius",1,1782
231,Mr. Clarke,Letters,"Sancho, Ignatius",1,1782
232,Mr. Collingwood,Letters,"Sancho, Ignatius",1,1782
233,Mr. Cowl,Letters,"Sancho, Ignatius",1,1782
234,Mr. Thomas Chesterton,Letters,"Sancho, Ignatius",1,1782
235,Mr. Cooper,Letters,"Sancho, Ignatius",1,1782
236,Mr. Comings,Letters,"Sancho, Ignatius",1,1782
237,Mr. Cock,Letters,"Sancho, Ignatius",1,1782
238,Mr. Coker,Letters,"Sancho, Ignatius",1,1782
239,Mr. Clarke,Letters,"Sancho, Ignatius",1,1782
240,Mr. William Chapman,Letters,"Sancho, Ignatius",1,1782
241,Mr. Carss,Letters,"Sancho, Ignatius",1,1782
242,Mrs. Cocksedge,Letters,"Sancho, Ignatius",1,1782
243,Mr. James Cole,Letters,"Sancho, Ignatius",1,1782
244,Mr. John Clayton,Letters,"Sancho, Ignatius",1,1782
245,Mr. Clarke,Letters,"Sancho, Ignatius",1,1782
246,Mr. G. Cumberland,Letters,"Sancho, Ignatius",1,1782
247,Mr. Charles Clark,Letters,"Sancho, Ignatius",1,1782
248,Mr. Caslake,Letters,"Sancho, Ignatius",1,1782
249,"- Cotton, Esq.",Letters,"Sancho, Ignatius",1,1782
250,Mr. Copeland,Letters,"Sancho, Ignatius",1,1782
251,Mr. John Corbett,Letters,"Sancho, Ignatius",1,1782
252,Mr. Crow,Letters,"Sancho, Ignatius",1,1782
253,Mr. F. Coaffee,Letters,"Sancho, Ignatius",1,1782
254,Mr. Charles Carpenter,Letters,"Sancho, Ignatius",1,1782
255,Mrs. Mary Anne Chase,Letters,"Sancho, Ignatius",1,1782
256,Mr. John Cooper,Letters,"Sancho, Ignatius",1,1782
257,Mrs. Collier,Letters,"Sancho, Ignatius",1,1782
258,Mr. Richard Cust,Letters,"Sancho, Ignatius",1,1782
259,Mr. Cause,Letters,"Sancho, Ignatius",1,1782
260,Mrs. Chambers,Letters,"Sancho, Ignatius",1,1782
261,Rev. Mr. Case,Letters,"Sancho, Ignatius",1,1782
262,Mr. Campbell,Letters,"Sancho, Ignatius",1,1782
263,Mr. Cooper,Letters,"Sancho, Ignatius",1,1782
264,Mr. T. Cooper,Letters,"Sancho, Ignatius",1,1782
265,Mr. Cobbold ,Letters,"Sancho, Ignatius",1,1782
266,Her Grace the Duchess of Devonshire,Letters,"Sancho, Ignatius",1,1782
267,His Grace the Duke of Dorset,Letters,"Sancho, Ignatius",1,1782
268,Earl of Derby,Letters,"Sancho, Ignatius",1,1782
269,Lord Duncannon,Letters,"Sancho, Ignatius",1,1782
270,Lady Duncannon,Letters,"Sancho, Ignatius",1,1782
271,Lady Betty Delme,Letters,"Sancho, Ignatius",1,1782
272,"Sir Charles Davers, Bart.",Letters,"Sancho, Ignatius",1,1782
273,Dean of Derry,Letters,"Sancho, Ignatius",1,1782
274,Mrs. Delaney,Letters,"Sancho, Ignatius",1,1782
275,"Nathaniel Draper, Esq.",Letters,"Sancho, Ignatius",1,1782
276,"Charles Dumbleton, Esq.",Letters,"Sancho, Ignatius",1,1782
277,"Edmund Digby, Esq.",Letters,"Sancho, Ignatius",1,1782
278,"John Richard Dashwood, Esq.",Letters,"Sancho, Ignatius",1,1782
279,Mrs. Dashwood,Letters,"Sancho, Ignatius",1,1782
280,"John Durbin, Esq.",Letters,"Sancho, Ignatius",1,1782
281,"John Disney, D.D.F.R.S.",Letters,"Sancho, Ignatius",1,1782
282,"B- Gurden Dillingham, Esq.",Letters,"Sancho, Ignatius",1,1782
283,Mrs. Dillingham,Letters,"Sancho, Ignatius",1,1782
284,Mr. Day,Letters,"Sancho, Ignatius",1,1782
285,Mrs. Dalton,Letters,"Sancho, Ignatius",1,1782
286,Mr. Thomas Davies,Letters,"Sancho, Ignatius",1,1782
287,Mrs. Dighton,Letters,"Sancho, Ignatius",1,1782
288,Mr. James Denton,Letters,"Sancho, Ignatius",1,1782
289,Mr. Dean,Letters,"Sancho, Ignatius",1,1782
290,Mr. Dickenson,Letters,"Sancho, Ignatius",1,1782
291,Mr. Dalton,Letters,"Sancho, Ignatius",1,1782
292,Mrs. Deresley,Letters,"Sancho, Ignatius",1,1782
293,Rev. Mr. Denneson,Letters,"Sancho, Ignatius",1,1782
294,Capt. George Douglas,Letters,"Sancho, Ignatius",1,1782
295,Mrs. Drieg,Letters,"Sancho, Ignatius",1,1782
296,Mr. David Drummond,Letters,"Sancho, Ignatius",1,1782
297,Mr. Thomas Daw,Letters,"Sancho, Ignatius",1,1782
298,Mr.  John Dallow,Letters,"Sancho, Ignatius",1,1782
299,Mrs. Dubourg,Letters,"Sancho, Ignatius",1,1782
300,Major  Darch,Letters,"Sancho, Ignatius",1,1782
301,Mr. Duncombe,Letters,"Sancho, Ignatius",1,1782
302,Mr. Douce,Letters,"Sancho, Ignatius",1,1782
303,Rev. Mr. Dickinson,Letters,"Sancho, Ignatius",1,1782
304,Mr. Dearne,Letters,"Sancho, Ignatius",1,1782
305,Mrs. Dunbar,Letters,"Sancho, Ignatius",1,1782
306,Mr. Deck,Letters,"Sancho, Ignatius",1,1782
307,Mr. Derousiere,Letters,"Sancho, Ignatius",1,1782
308,Mr. J. Downes,Letters,"Sancho, Ignatius",1,1782
309,Mr. Davis,Letters,"Sancho, Ignatius",1,1782
310,Miss Davis,Letters,"Sancho, Ignatius",1,1782
311,Mr. Delapierre,Letters,"Sancho, Ignatius",1,1782
312,Mrs. Delapierre,Letters,"Sancho, Ignatius",1,1782
313,"Thomas Douglas, Esq.",Letters,"Sancho, Ignatius",1,1782
314,Mr. Dove,Letters,"Sancho, Ignatius",1,1782
315,Mr. J. Dickinson,Letters,"Sancho, Ignatius",1,1782
316,Mr. Dupuis,Letters,"Sancho, Ignatius",1,1782
317,Earl of Egremont,Letters,"Sancho, Ignatius",1,1782
318,Lady Carolina Egerton,Letters,"Sancho, Ignatius",1,1782
319,"Sir Gilbert Elliot, Bart.",Letters,"Sancho, Ignatius",1,1782
320,"Sire Henry Englefield, Bart.",Letters,"Sancho, Ignatius",1,1782
321,"T. Glover Ewen, Esq.",Letters,"Sancho, Ignatius",1,1782
322,Rev. Mr. Eaton,Letters,"Sancho, Ignatius",1,1782
323,Mr. Thomas Evans,Letters,"Sancho, Ignatius",1,1782
324,Mr. E. Ellis,Letters,"Sancho, Ignatius",1,1782
325,Mr. Ellis,Letters,"Sancho, Ignatius",1,1782
326,William Ewen. Esq.,Letters,"Sancho, Ignatius",1,1782
327,Rev. Mr. Evans,Letters,"Sancho, Ignatius",1,1782
328,Mr. Ellis,Letters,"Sancho, Ignatius",1,1782
329,Col. Edmonds,Letters,"Sancho, Ignatius",1,1782
330,"John Eames, Esq.",Letters,"Sancho, Ignatius",1,1782
331,Mr. Eves,Letters,"Sancho, Ignatius",1,1782
332,Mr. Evans,Letters,"Sancho, Ignatius",1,1782
333,Mrs. Emblin,Letters,"Sancho, Ignatius",1,1782
334,Mrs. Elizabeth Edgar,Letters,"Sancho, Ignatius",1,1782
335,Mr. Emmet,Letters,"Sancho, Ignatius",1,1782
336,Mr. James Elliot,Letters,"Sancho, Ignatius",1,1782
337,Earl of Fitzwilliam,Letters,"Sancho, Ignatius",1,1782
338,Countess of Fitzwilliam,Letters,"Sancho, Ignatius",1,1782
339,Lord Foley,Letters,"Sancho, Ignatius",1,1782
340,Right Honourable Charles James Fox,Letters,"Sancho, Ignatius",1,1782
341,Right Honourable Richard Fitzpatrick,Letters,"Sancho, Ignatius",1,1782
342,Lady Charlotte Finch,Letters,"Sancho, Ignatius",1,1782
343,Lady Finch,Letters,"Sancho, Ignatius",1,1782
344,Honourable Andrew Foley,Letters,"Sancho, Ignatius",1,1782
345,Honourable Mrs. Foley,Letters,"Sancho, Ignatius",1,1782
346,"Sir Martin Folkes, Bart.",Letters,"Sancho, Ignatius",1,1782
347,"Wiliiam Fawkener, Esq.",Letters,"Sancho, Ignatius",1,1782
348,Admiral Forbes,Letters,"Sancho, Ignatius",1,1782
349,Miss Forbes,Letters,"Sancho, Ignatius",1,1782
350,Miss M. Forbes,Letters,"Sancho, Ignatius",1,1782
351,"R. Fresselicque, Esq.",Letters,"Sancho, Ignatius",1,1782
352,Rev. John Fresselicque,Letters,"Sancho, Ignatius",1,1782
353,Miss Fresselicque,Letters,"Sancho, Ignatius",1,1782
354,Mrs. Fernyhough,Letters,"Sancho, Ignatius",1,1782
355,Mrs. Friend,Letters,"Sancho, Ignatius",1,1782
356,Miss Freeman,Letters,"Sancho, Ignatius",1,1782
357,Mr. Thomas Farren,Letters,"Sancho, Ignatius",1,1782
358,Miss Fiske,Letters,"Sancho, Ignatius",1,1782
359,"John Frere, Esq.",Letters,"Sancho, Ignatius",1,1782
360,Rev. Richard Fisher,Letters,"Sancho, Ignatius",1,1782
361,Mrs. Flasby,Letters,"Sancho, Ignatius",1,1782
362,Mr. William French,Letters,"Sancho, Ignatius",1,1782
363,Mr. Fisher,Letters,"Sancho, Ignatius",1,1782
364,Rev. John Freeman,Letters,"Sancho, Ignatius",1,1782
365,Miss Fish,Letters,"Sancho, Ignatius",1,1782
366,Mrs. Farrow,Letters,"Sancho, Ignatius",1,1782
367,"Edward Foster, Esq.",Letters,"Sancho, Ignatius",1,1782
368,Mr. Henry Fearon,Letters,"Sancho, Ignatius",1,1782
369,Rev. Edmund Ferrers,Letters,"Sancho, Ignatius",1,1782
370,Miss Mary Farren,Letters,"Sancho, Ignatius",1,1782
371,Rev. Mr. Forbes,Letters,"Sancho, Ignatius",1,1782
372,"Ingham Forster, Esq.",Letters,"Sancho, Ignatius",1,1782
373,Mrs. Freeman,Letters,"Sancho, Ignatius",1,1782
374,Mr. G. Farrington,Letters,"Sancho, Ignatius",1,1782
375,Rev. Mr. Flint,Letters,"Sancho, Ignatius",1,1782
376,Mr. Faquier,Letters,"Sancho, Ignatius",1,1782
377,Mr. Fuller,Letters,"Sancho, Ignatius",1,1782
378,Mr. Forlow,Letters,"Sancho, Ignatius",1,1782
379,Mr. Francis,Letters,"Sancho, Ignatius",1,1782
380,Mr. Freestone,Letters,"Sancho, Ignatius",1,1782
381,Mr. Fenton,Letters,"Sancho, Ignatius",1,1782
382,Mr. Freeman,Letters,"Sancho, Ignatius",1,1782
383,Mrs. Fanning,Letters,"Sancho, Ignatius",1,1782
384,Mr. Fox,Letters,"Sancho, Ignatius",1,1782
385,Her Royal Highness the Duchess of Gloucester,Letters,"Sancho, Ignatius",1,1782
386,His Grace the Duke of Grafton,Letters,"Sancho, Ignatius",1,1782
387,Her Grace the Duchess of Grafton,Letters,"Sancho, Ignatius",1,1782
388,Earl of Gower,Letters,"Sancho, Ignatius",1,1782
389,Earl of Guilford,Letters,"Sancho, Ignatius",1,1782
390,Lord Grantham,Letters,"Sancho, Ignatius",1,1782
391,Lady Grantham,Letters,"Sancho, Ignatius",1,1782
392,Miss Goldsworthy,Letters,"Sancho, Ignatius",1,1782
393,Dr. Gisborne,Letters,"Sancho, Ignatius",1,1782
394,"Edward Gibbon, Esq.",Letters,"Sancho, Ignatius",1,1782
395,"Leslie Grove, Esq.",Letters,"Sancho, Ignatius",1,1782
396,"Joseph Gulston, Esq.",Letters,"Sancho, Ignatius",1,1782
397,"John Godbold, Esq.",Letters,"Sancho, Ignatius",1,1782
398,Rev. Mr. Gibson,Letters,"Sancho, Ignatius",1,1782
399,Rev. R. E. Garnham,Letters,"Sancho, Ignatius",1,1782
400,"James Grote, Esq.",Letters,"Sancho, Ignatius",1,1782
401,Mr. Grote,Letters,"Sancho, Ignatius",1,1782
402,Mr. Wiliiam Garnham,Letters,"Sancho, Ignatius",1,1782
403,Mr. Gorton,Letters,"Sancho, Ignatius",1,1782
404,Mr. Gorst,Letters,"Sancho, Ignatius",1,1782
405,Mr. R. Gorst,Letters,"Sancho, Ignatius",1,1782
406,Mr. Gardener,Letters,"Sancho, Ignatius",1,1782
407,Mrs. Gills,Letters,"Sancho, Ignatius",1,1782
408,Miss Gilbert,Letters,"Sancho, Ignatius",1,1782
409,Mr. Grint,Letters,"Sancho, Ignatius",1,1782
410,Mr. Green,Letters,"Sancho, Ignatius",1,1782
411,Mr. Gigot,Letters,"Sancho, Ignatius",1,1782
412,Mr. Charles Godby,Letters,"Sancho, Ignatius",1,1782
413,Mrs. Green,Letters,"Sancho, Ignatius",1,1782
414,Mr. Graham,Letters,"Sancho, Ignatius",1,1782
415,Mr. Gardener,Letters,"Sancho, Ignatius",1,1782
416,Mr. Arthur Glidon,Letters,"Sancho, Ignatius",1,1782
417,Mr. Grint,Letters,"Sancho, Ignatius",1,1782
418,Mr. Gooch,Letters,"Sancho, Ignatius",1,1782
419,"Mr. Joseph Gill, jun.",Letters,"Sancho, Ignatius",1,1782
420,Mr. Garden,Letters,"Sancho, Ignatius",1,1782
421,Capt. Green,Letters,"Sancho, Ignatius",1,1782
422,Mr. Guoyn,Letters,"Sancho, Ignatius",1,1782
423,Mr. Gains,Letters,"Sancho, Ignatius",1,1782
424, Mr. Goodhen,Letters,"Sancho, Ignatius",1,1782
425,Mr. William Graves,Letters,"Sancho, Ignatius",1,1782
426,Mr. George Gainer,Letters,"Sancho, Ignatius",1,1782
427,Mrs. Anne Gainer,Letters,"Sancho, Ignatius",1,1782
428,Miss Graham,Letters,"Sancho, Ignatius",1,1782
429,Mr. Goodison,Letters,"Sancho, Ignatius",1,1782
430,Mr. Gardener,Letters,"Sancho, Ignatius",1,1782
431,"Rev. J. Green, M.A.",Letters,"Sancho, Ignatius",1,1782
432,Mr. Gallant,Letters,"Sancho, Ignatius",1,1782
433,Mr. John Gamble,Letters,"Sancho, Ignatius",1,1782
434,Mr. Gote,Letters,"Sancho, Ignatius",1,1782
435,Mr. Guy,Letters,"Sancho, Ignatius",1,1782
436,Mr. Charles Green,Letters,"Sancho, Ignatius",1,1782
437,Lord Harrowby,Letters,"Sancho, Ignatius",1,1782
438,Lord Herbert,Letters,"Sancho, Ignatius",1,1782
439,Lady Harland,Letters,"Sancho, Ignatius",1,1782
440,Honourable Mrs. Howe,Letters,"Sancho, Ignatius",1,1782
441,Honourable Mrs. Hanbury,Letters,"Sancho, Ignatius",1,1782
442,Miss Hanbury,Letters,"Sancho, Ignatius",1,1782
443,Miss F. Hanbury,Letters,"Sancho, Ignatius",1,1782
444,"Robert Harrison, Esq.",Letters,"Sancho, Ignatius",1,1782
445," Heathcote, Esq.",Letters,"Sancho, Ignatius",1,1782
446,Mrs. Heathcote,Letters,"Sancho, Ignatius",1,1782
447,"J. Hughson, Esq.",Letters,"Sancho, Ignatius",1,1782
448,"Horatio Hammond, Esq.",Letters,"Sancho, Ignatius",1,1782
449,Mrs. Hammond,Letters,"Sancho, Ignatius",1,1782
450,"Francis Hare, Esq.",Letters,"Sancho, Ignatius",1,1782
451,"Thomas Halsted, Esq.",Letters,"Sancho, Ignatius",1,1782
452,"John Heigham, Esq.",Letters,"Sancho, Ignatius",1,1782
453,"Thomas Huckings, Esq.",Letters,"Sancho, Ignatius",1,1782
454,"George Hodgson, Esq.",Letters,"Sancho, Ignatius",1,1782
455,"John Hodgson, Esq.",Letters,"Sancho, Ignatius",1,1782
456,Mrs. Hodgson,Letters,"Sancho, Ignatius",1,1782
457,Mr. William Hodgson,Letters,"Sancho, Ignatius",1,1782
458,Robert Halhed Esq.,Letters,"Sancho, Ignatius",1,1782
459,"John Halhed, Esq.",Letters,"Sancho, Ignatius",1,1782
460,"John Hayes, Esq.",Letters,"Sancho, Ignatius",1,1782
461,"Henry Hoare, Esq.",Letters,"Sancho, Ignatius",1,1782
462,Mrs. Henry Hoare,Letters,"Sancho, Ignatius",1,1782
463,"William Holland, M.D.",Letters,"Sancho, Ignatius",1,1782
464,Miss Harmer,Letters,"Sancho, Ignatius",1,1782
465,Mrs. Horneck,Letters,"Sancho, Ignatius",1,1782
466,"John Hood, Esq.",Letters,"Sancho, Ignatius",1,1782
467,"Rowland Hunt, Esq.",Letters,"Sancho, Ignatius",1,1782
468,"J. Henneker, Esq.",Letters,"Sancho, Ignatius",1,1782
469,William Hall Esq. ,Letters,"Sancho, Ignatius",1,1782
470,Rev. Joseph Hall,Letters,"Sancho, Ignatius",1,1782
471,"Thomas Hunt, Esq.",Letters,"Sancho, Ignatius",1,1782
472,"Nathaniel Highmore, Esq.",Letters,"Sancho, Ignatius",1,1782
473,Mr. John Highmore,Letters,"Sancho, Ignatius",1,1782
474,"Mr. Anthony Highmore, jun.",Letters,"Sancho, Ignatius",1,1782
475,Mr. Hoare,Letters,"Sancho, Ignatius",1,1782
476,Mr. R. Harper,Letters,"Sancho, Ignatius",1,1782
477,Mr. John Hance,Letters,"Sancho, Ignatius",1,1782
478,Mr. Isaac Harrison,Letters,"Sancho, Ignatius",1,1782
479,Rev. Mr. Hewitt,Letters,"Sancho, Ignatius",1,1782
480,Mr. Gardiner Harward,Letters,"Sancho, Ignatius",1,1782
481,Mr. Heathcock,Letters,"Sancho, Ignatius",1,1782
482,Mrs. Hakewell,Letters,"Sancho, Ignatius",1,1782
483,Mrs. Harene,Letters,"Sancho, Ignatius",1,1782
484,Mr. J. Harrison,Letters,"Sancho, Ignatius",1,1782
485,Mr. Howis,Letters,"Sancho, Ignatius",1,1782
486,Mr. G. Hubbard,Letters,"Sancho, Ignatius",1,1782
487,Mr. William Hayward,Letters,"Sancho, Ignatius",1,1782
488,Mr. John Hughes,Letters,"Sancho, Ignatius",1,1782
489,Miss Halsey,Letters,"Sancho, Ignatius",1,1782
490,Miss Hare,Letters,"Sancho, Ignatius",1,1782
491,Miss Heath,Letters,"Sancho, Ignatius",1,1782
492,Mrs. Harrison,Letters,"Sancho, Ignatius",1,1782
493,Mr. John Hodges,Letters,"Sancho, Ignatius",1,1782
494,Mr. C- H- ,Letters,"Sancho, Ignatius",1,1782
495,Mrs. Hart,Letters,"Sancho, Ignatius",1,1782
496,Mr. J. H.,Letters,"Sancho, Ignatius",1,1782
497,Mr. J. Hull,Letters,"Sancho, Ignatius",1,1782
498,Mrs. Hempstead,Letters,"Sancho, Ignatius",1,1782
499,Mrs. Humphries,Letters,"Sancho, Ignatius",1,1782
500,Mrs. Hesketh,Letters,"Sancho, Ignatius",1,1782
501,Mr. Holme,Letters,"Sancho, Ignatius",1,1782
502,Mr. J. Holme,Letters,"Sancho, Ignatius",1,1782
503,Rev. Mr. Hornby,Letters,"Sancho, Ignatius",1,1782
504,Mrs. Hassel,Letters,"Sancho, Ignatius",1,1782
505,Mrs. Hutchins,Letters,"Sancho, Ignatius",1,1782
506,Mr. Hugh Hughes,Letters,"Sancho, Ignatius",1,1782
507,Mr. Haynes,Letters,"Sancho, Ignatius",1,1782
508,Mr. Harper,Letters,"Sancho, Ignatius",1,1782
509,Mr. H. Hounson,Letters,"Sancho, Ignatius",1,1782
510,Mrs. Harmer,Letters,"Sancho, Ignatius",1,1782
511,Miss Hamby,Letters,"Sancho, Ignatius",1,1782
512,Rev. Mr. Hankey,Letters,"Sancho, Ignatius",1,1782
513,Capt. T.C. Hardy,Letters,"Sancho, Ignatius",1,1782
514,Mr. John Hurle,Letters,"Sancho, Ignatius",1,1782
515,Mr. Hayward,Letters,"Sancho, Ignatius",1,1782
516,Mr. James Hodson,Letters,"Sancho, Ignatius",1,1782
517,"Rev. J. Heslop, M. A.",Letters,"Sancho, Ignatius",1,1782
518,Mr. Thomas Hollingsworth,Letters,"Sancho, Ignatius",1,1782
519,Mrs. S. Hollingsworth,Letters,"Sancho, Ignatius",1,1782
520,Mr. Henry Harrison,Letters,"Sancho, Ignatius",1,1782
521,Mr. John Harrison,Letters,"Sancho, Ignatius",1,1782
522,Countess of Jersey,Letters,"Sancho, Ignatius",1,1782
523,Viscountess Irwin,Letters,"Sancho, Ignatius",1,1782
524,Honourable Mr. St. John,Letters,"Sancho, Ignatius",1,1782
525,Capt. Jones,Letters,"Sancho, Ignatius",1,1782
526,Rev. Thomas Johnson,Letters,"Sancho, Ignatius",1,1782
527,Mr. William Johnson,Letters,"Sancho, Ignatius",1,1782
528,Mrs. Jervais,Letters,"Sancho, Ignatius",1,1782
529,Rev. William Jackson,Letters,"Sancho, Ignatius",1,1782
530,Mr. William Jackson,Letters,"Sancho, Ignatius",1,1782
531,Mr. Jackson,Letters,"Sancho, Ignatius",1,1782
532,Mr. Jackson,Letters,"Sancho, Ignatius",1,1782
533,Mr. Johnson,Letters,"Sancho, Ignatius",1,1782
534,Mr. James,Letters,"Sancho, Ignatius",1,1782
535,Rev. Mr. Jevans,Letters,"Sancho, Ignatius",1,1782
536,Mrs. M. Jenney,Letters,"Sancho, Ignatius",1,1782
537,Mr. John Jenner,Letters,"Sancho, Ignatius",1,1782
538,Mr. Ind,Letters,"Sancho, Ignatius",1,1782
539,Mr. Robert Ind,Letters,"Sancho, Ignatius",1,1782
540,Mr. Alexander M Intosh,Letters,"Sancho, Ignatius",1,1782
541,Mr. Joblin,Letters,"Sancho, Ignatius",1,1782
542,"Rev. T. Johnson, M. A.",Letters,"Sancho, Ignatius",1,1782
543,Mr. Johnson,Letters,"Sancho, Ignatius",1,1782
544,Mrs. Johnson,Letters,"Sancho, Ignatius",1,1782
545,Miss Johnson,Letters,"Sancho, Ignatius",1,1782
546,Miss Maria Johnson,Letters,"Sancho, Ignatius",1,1782
547,Mr. James Johnson,Letters,"Sancho, Ignatius",1,1782
548,Mrs. Johnson,Letters,"Sancho, Ignatius",1,1782
549,Mr. William Jones,Letters,"Sancho, Ignatius",1,1782
550,Mr. Jones,Letters,"Sancho, Ignatius",1,1782
551,Miss Anne Jonson,Letters,"Sancho, Ignatius",1,1782
552,Mrs. Johnston,Letters,"Sancho, Ignatius",1,1782
553,Mr. Joyce,Letters,"Sancho, Ignatius",1,1782
554,Mrs. Joyce,Letters,"Sancho, Ignatius",1,1782
555,"Samuel Ireland, Esq.",Letters,"Sancho, Ignatius",1,1782
556,Mrs. Ireland,Letters,"Sancho, Ignatius",1,1782
557,Mr. Irons,Letters,"Sancho, Ignatius",1,1782
558,Mrs. Irons,Letters,"Sancho, Ignatius",1,1782
559,"Charles Kent, Esq.",Letters,"Sancho, Ignatius",1,1782
560,"Dennis O. Kelly, Esq.",Letters,"Sancho, Ignatius",1,1782
561,"Ralph Knox, Esq.",Letters,"Sancho, Ignatius",1,1782
562,"Thomas Kerrich, Esq.",Letters,"Sancho, Ignatius",1,1782
563,"John Kerrich, Esq.",Letters,"Sancho, Ignatius",1,1782
564,Mr. John Kerrich,Letters,"Sancho, Ignatius",1,1782
565,Mrs. Kerrich,Letters,"Sancho, Ignatius",1,1782
566,"Benjamin Kidney, Esq.",Letters,"Sancho, Ignatius",1,1782
567,Mrs. Kidney,Letters,"Sancho, Ignatius",1,1782
568,Miss C. Kidney,Letters,"Sancho, Ignatius",1,1782
569,Miss E. Kidney,Letters,"Sancho, Ignatius",1,1782
570,Mr. Kisbee,Letters,"Sancho, Ignatius",1,1782
571,Mrs. Kennett,Letters,"Sancho, Ignatius",1,1782
572,Mr. Kay,Letters,"Sancho, Ignatius",1,1782
573,Mr. Kendall,Letters,"Sancho, Ignatius",1,1782
574,Mr. William King,Letters,"Sancho, Ignatius",1,1782
575,Mr. Robert King,Letters,"Sancho, Ignatius",1,1782
576,Mr. Keightly,Letters,"Sancho, Ignatius",1,1782
577,Mr. Kandler,Letters,"Sancho, Ignatius",1,1782
578,Mr. John Knight,Letters,"Sancho, Ignatius",1,1782
579,Miss King,Letters,"Sancho, Ignatius",1,1782
580,Mr. Kemmell,Letters,"Sancho, Ignatius",1,1782
581,Mr. Thomas King,Letters,"Sancho, Ignatius",1,1782
582,Mr. Richard King,Letters,"Sancho, Ignatius",1,1782
583,Rev. Charles Kingestone,Letters,"Sancho, Ignatius",1,1782
584,Mrs. Kerr,Letters,"Sancho, Ignatius",1,1782
585,His Grace the Duke of Leeds,Letters,"Sancho, Ignatius",1,1782
586,His Grace the Duke of Leinster,Letters,"Sancho, Ignatius",1,1782
587,Lord Le Despencer,Letters,"Sancho, Ignatius",1,1782
588,Dowager Lady Lincoln,Letters,"Sancho, Ignatius",1,1782
589,Lord Lucan,Letters,"Sancho, Ignatius",1,1782
590,Mr. Charles Lennox,Letters,"Sancho, Ignatius",1,1782
591,Miss Lowther,Letters,"Sancho, Ignatius",1,1782
592,"John M. Leake, Esq.",Letters,"Sancho, Ignatius",1,1782
593,Rev. Mr. Lord,Letters,"Sancho, Ignatius",1,1782
594,"John Leathes, Esq.",Letters,"Sancho, Ignatius",1,1782
595,"William Lascelles, Esq.",Letters,"Sancho, Ignatius",1,1782
596,Rev. Mr. Lincolne,Letters,"Sancho, Ignatius",1,1782
597,"---- Luton, Esq.",Letters,"Sancho, Ignatius",1,1782
598,Mr. Long,Letters,"Sancho, Ignatius",1,1782
599,Mr. Lambert,Letters,"Sancho, Ignatius",1,1782
600,Mrs. Lejoie,Letters,"Sancho, Ignatius",1,1782
601,Miss Land,Letters,"Sancho, Ignatius",1,1782
602,Miss Leach,Letters,"Sancho, Ignatius",1,1782
603,Miss L. Leach,Letters,"Sancho, Ignatius",1,1782
604,Mrs. Loyd,Letters,"Sancho, Ignatius",1,1782
605,Mr. Lyons,Letters,"Sancho, Ignatius",1,1782
606,Mrs. E. Long,Letters,"Sancho, Ignatius",1,1782
607,Mr. Lane,Letters,"Sancho, Ignatius",1,1782
608,Mr. D. Lambelle,Letters,"Sancho, Ignatius",1,1782
609,Mr. Leivers,Letters,"Sancho, Ignatius",1,1782
610,Mr. Lewis,Letters,"Sancho, Ignatius",1,1782
611,Mr. John Lettery,Letters,"Sancho, Ignatius",1,1782
612,Mr. Alexander Lockhart,Letters,"Sancho, Ignatius",1,1782
613,Mr. John Lock,Letters,"Sancho, Ignatius",1,1782
614,Mr. Lock,Letters,"Sancho, Ignatius",1,1782
615,Mr. Lawrence,Letters,"Sancho, Ignatius",1,1782
616,Mr. Lamb,Letters,"Sancho, Ignatius",1,1782
617,Rev. T. Lambert,Letters,"Sancho, Ignatius",1,1782
618,Mr. Land,Letters,"Sancho, Ignatius",1,1782
619,Mr. William Land,Letters,"Sancho, Ignatius",1,1782
620,Mr. Lavoine,Letters,"Sancho, Ignatius",1,1782
621,Mrs. Lawson,Letters,"Sancho, Ignatius",1,1782
622,Mrs. O-Lewis,Letters,"Sancho, Ignatius",1,1782
623,Mr. Longchamps,Letters,"Sancho, Ignatius",1,1782
624,Mr. Leave,Letters,"Sancho, Ignatius",1,1782
625,Mr. Lucas,Letters,"Sancho, Ignatius",1,1782
626,Mrs. Lindsay,Letters,"Sancho, Ignatius",1,1782
627,Mr. Lorimer,Letters,"Sancho, Ignatius",1,1782
628,Mr. Lock,Letters,"Sancho, Ignatius",1,1782
629,His Grace the Duke of Mountague,Letters,"Sancho, Ignatius",1,1782
630,Dowager Viscountess Midleton,Letters,"Sancho, Ignatius",1,1782
631,Viscount Midleton,Letters,"Sancho, Ignatius",1,1782
632,Viscountess Midleton,Letters,"Sancho, Ignatius",1,1782
633,Lord Robert Manners,Letters,"Sancho, Ignatius",1,1782
634,Lady Robert Manners,Letters,"Sancho, Ignatius",1,1782
635,Lord James Manners,Letters,"Sancho, Ignatius",1,1782
636,Lady Mountstuart,Letters,"Sancho, Ignatius",1,1782
637,Lady Melbourne,Letters,"Sancho, Ignatius",1,1782
638,Lady Mount Edgecumbe,Letters,"Sancho, Ignatius",1,1782
639,Lady Mary Mordaunt,Letters,"Sancho, Ignatius",1,1782
640,Lady Middleton,Letters,"Sancho, Ignatius",1,1782
641,Honourable Miss Monckton,Letters,"Sancho, Ignatius",1,1782
642,General Monckton,Letters,"Sancho, Ignatius",1,1782
643,"Sir John Moore, Bart.",Letters,"Sancho, Ignatius",1,1782
644,Lady Milner,Letters,"Sancho, Ignatius",1,1782
645,"William Middleton, Esq.",Letters,"Sancho, Ignatius",1,1782
646,"Henry Manningham, Esq.",Letters,"Sancho, Ignatius",1,1782
647,"Humphrey Morice, Esq.",Letters,"Sancho, Ignatius",1,1782
648,"William Moseley, Esq.",Letters,"Sancho, Ignatius",1,1782
649,Mrs. Moseley,Letters,"Sancho, Ignatius",1,1782
650,"George Maddison, Esq.",Letters,"Sancho, Ignatius",1,1782
651,"John Maddison, Esq.",Letters,"Sancho, Ignatius",1,1782
652,"Robert Marks, Esq.",Letters,"Sancho, Ignatius",1,1782
653,"William Metcalfe, Esq.",Letters,"Sancho, Ignatius",1,1782
654,"Philip Metcalfe, Esq.",Letters,"Sancho, Ignatius",1,1782
655,"Hutchinson Mure, Esq.",Letters,"Sancho, Ignatius",1,1782
656,"Thomas Manning, Esq.",Letters,"Sancho, Ignatius",1,1782
657,Rev. Mr. Manning,Letters,"Sancho, Ignatius",1,1782
658,"----Macleane, Esq.",Letters,"Sancho, Ignatius",1,1782
659,"John Mortlock, Esq.",Letters,"Sancho, Ignatius",1,1782
660,"John Merril, Esq.",Letters,"Sancho, Ignatius",1,1782
661,Mrs. Merrill,Letters,"Sancho, Ignatius",1,1782
662,"Arthur Murphy, Esq.",Letters,"Sancho, Ignatius",1,1782
663,Mrs. De Missy,Letters,"Sancho, Ignatius",1,1782
664,Mrs. Mettayer,Letters,"Sancho, Ignatius",1,1782
665,Mrs. Maud,Letters,"Sancho, Ignatius",1,1782
666,Mrs. Murrain,Letters,"Sancho, Ignatius",1,1782
667,"Crisp. Sherard Molineux, Esq.",Letters,"Sancho, Ignatius",1,1782
668,Mrs. Jane Matthews,Letters,"Sancho, Ignatius",1,1782
669,Mrs. Mileham,Letters,"Sancho, Ignatius",1,1782
670,Mrs. J. Mellish,Letters,"Sancho, Ignatius",1,1782
671,Mr. Moule,Letters,"Sancho, Ignatius",1,1782
672,Mr. Francis Moore ,Letters,"Sancho, Ignatius",1,1782
673,Mr. Thomas Moore,Letters,"Sancho, Ignatius",1,1782
674,Mr. Morris,Letters,"Sancho, Ignatius",1,1782
675,Mr. William Morgan,Letters,"Sancho, Ignatius",1,1782
676,Mr. William Matthews,Letters,"Sancho, Ignatius",1,1782
677,Mr. Mortimer,Letters,"Sancho, Ignatius",1,1782
678,Rev. Robert Mealyn,Letters,"Sancho, Ignatius",1,1782
679,Mr. Mathew,Letters,"Sancho, Ignatius",1,1782
680,Mrs. Mathew,Letters,"Sancho, Ignatius",1,1782
681,Miss Mathew,Letters,"Sancho, Ignatius",1,1782
682,Mr. Mills,Letters,"Sancho, Ignatius",1,1782
683,Rev. Dr. Bernard Mills,Letters,"Sancho, Ignatius",1,1782
684,Mr. Thomas Marston,Letters,"Sancho, Ignatius",1,1782
685,Miss Mortlock,Letters,"Sancho, Ignatius",1,1782
686,Miss Mary Mann,Letters,"Sancho, Ignatius",1,1782
687,Mrs. Magnolly,Letters,"Sancho, Ignatius",1,1782
688,Miss Mawhood,Letters,"Sancho, Ignatius",1,1782
689,Mr. Mackmurdo,Letters,"Sancho, Ignatius",1,1782
690,Rev. Thomas Mantell,Letters,"Sancho, Ignatius",1,1782
691,Mr. J. Mathews,Letters,"Sancho, Ignatius",1,1782
692,Mr. Morgan,Letters,"Sancho, Ignatius",1,1782
693,Mrs. Moyser,Letters,"Sancho, Ignatius",1,1782
694,Mr. Man,Letters,"Sancho, Ignatius",1,1782
695,Mr. Mason,Letters,"Sancho, Ignatius",1,1782
696,Mrs. Mackreth,Letters,"Sancho, Ignatius",1,1782
697,Mr. Mitford,Letters,"Sancho, Ignatius",1,1782
698,Mr. J. Mitchell,Letters,"Sancho, Ignatius",1,1782
699,Mr. J. Meheux,Letters,"Sancho, Ignatius",1,1782
700,Mr. Salmon May,Letters,"Sancho, Ignatius",1,1782
701,Mr. Mathias,Letters,"Sancho, Ignatius",1,1782
702,Mrs. Moy,Letters,"Sancho, Ignatius",1,1782
703,Mr. Martin,Letters,"Sancho, Ignatius",1,1782
704,Miss Mullens,Letters,"Sancho, Ignatius",1,1782
705,Mr. Markes,Letters,"Sancho, Ignatius",1,1782
706,Mr. William Macro,Letters,"Sancho, Ignatius",1,1782
707,"Mr. Moneypenny, sen.",Letters,"Sancho, Ignatius",1,1782
708,"Mr. Moneypenny, jun.",Letters,"Sancho, Ignatius",1,1782
709,Mr. Miller,Letters,"Sancho, Ignatius",1,1782
710,Mr. John Monk,Letters,"Sancho, Ignatius",1,1782
711,Mr. Barnard Middleton,Letters,"Sancho, Ignatius",1,1782
712,C. M----,Letters,"Sancho, Ignatius",1,1782
713,Mr. Miller,Letters,"Sancho, Ignatius",1,1782
714,His Grace the Duke of Northumberland,Letters,"Sancho, Ignatius",1,1782
715,Lord North,Letters,"Sancho, Ignatius",1,1782
716,Lady North,Letters,"Sancho, Ignatius",1,1782
717,Honourable Miss North,Letters,"Sancho, Ignatius",1,1782
718,Honourable Miss A. North,Letters,"Sancho, Ignatius",1,1782
719,Honourable Colonel North,Letters,"Sancho, Ignatius",1,1782
720,Honourable Captain North,Letters,"Sancho, Ignatius",1,1782
721,Honourable Mrs. North,Letters,"Sancho, Ignatius",1,1782
722,Honourable George Napier,Letters,"Sancho, Ignatius",1,1782
723,Lady Sarah Napier,Letters,"Sancho, Ignatius",1,1782
724,Lieutenant Napier,Letters,"Sancho, Ignatius",1,1782
725,Lady Elizabeth Noel,Letters,"Sancho, Ignatius",1,1782
726,Lady Mary Noel,Letters,"Sancho, Ignatius",1,1782
727,Lady Ann Noel,Letters,"Sancho, Ignatius",1,1782
728,"Joseph Newton, jun. Esq.",Letters,"Sancho, Ignatius",1,1782
729,"Rev. D. Nicol, D. L.",Letters,"Sancho, Ignatius",1,1782
730,"John Newling, Esq.",Letters,"Sancho, Ignatius",1,1782
731,"Henry Nichols, Esq.",Letters,"Sancho, Ignatius",1,1782
732,Rev. Mr. Napleton,Letters,"Sancho, Ignatius",1,1782
733,Rev. Mr. Nares,Letters,"Sancho, Ignatius",1,1782
734,Mr. R. Nicolls,Letters,"Sancho, Ignatius",1,1782
735,Mr. Neve,Letters,"Sancho, Ignatius",1,1782
736,Mrs. Nutt,Letters,"Sancho, Ignatius",1,1782
737,Miss Lucy Napleton,Letters,"Sancho, Ignatius",1,1782
738,"William Norford, M. D.",Letters,"Sancho, Ignatius",1,1782
739,Mr. Nathaniel Newbold,Letters,"Sancho, Ignatius",1,1782
740,Mr. Mark Noble,Letters,"Sancho, Ignatius",1,1782
741,Mr. Richard Noble,Letters,"Sancho, Ignatius",1,1782
742,Mrs. Nash,Letters,"Sancho, Ignatius",1,1782
743,Mrs. Negus,Letters,"Sancho, Ignatius",1,1782
744,Mrs. Nichols,Letters,"Sancho, Ignatius",1,1782
745,Master R. Nicholls,Letters,"Sancho, Ignatius",1,1782
746,Earl of Upper Ossory,Letters,"Sancho, Ignatius",1,1782
747,Honourable Mrs. Onslow,Letters,"Sancho, Ignatius",1,1782
748,"William Otley, Esq.",Letters,"Sancho, Ignatius",1,1782
749,"Drury Otley, Esq.",Letters,"Sancho, Ignatius",1,1782
750,Miss Otley,Letters,"Sancho, Ignatius",1,1782
751,Miss M. Otley,Letters,"Sancho, Ignatius",1,1782
752,Miss S. Otley,Letters,"Sancho, Ignatius",1,1782
753,"James Oakes, Esq.",Letters,"Sancho, Ignatius",1,1782
754,"Craven Ord, Esq.",Letters,"Sancho, Ignatius",1,1782
755,"Walter Orbell, Esq.",Letters,"Sancho, Ignatius",1,1782
756,Mr. Ogilvie,Letters,"Sancho, Ignatius",1,1782
757,Mr. Owen,Letters,"Sancho, Ignatius",1,1782
758,Mr. M. Otley,Letters,"Sancho, Ignatius",1,1782
759,Mr. Ostler,Letters,"Sancho, Ignatius",1,1782
760,Rev. Mr. Orme,Letters,"Sancho, Ignatius",1,1782
761,Mr. Richard Otley,Letters,"Sancho, Ignatius",1,1782
762,Mr. Henry Otley,Letters,"Sancho, Ignatius",1,1782
763,Miss Otley,Letters,"Sancho, Ignatius",1,1782
764,Mr. Osborn,Letters,"Sancho, Ignatius",1,1782
765,Her Grace the Dowager Duchess of Portland,Letters,"Sancho, Ignatius",1,1782
766,Earl Percy,Letters,"Sancho, Ignatius",1,1782
767,Countess of Pembroke,Letters,"Sancho, Ignatius",1,1782
768,Dowager Countess of Powys,Letters,"Sancho, Ignatius",1,1782
769,Lord Pelham,Letters,"Sancho, Ignatius",1,1782
770,Lady Pelham,Letters,"Sancho, Ignatius",1,1782
771,Honourable Miss Pelham,Letters,"Sancho, Ignatius",1,1782
772,Honourable Miss M. Pelham,Letters,"Sancho, Ignatius",1,1782
773,Honourable Mr. Pomeroy,Letters,"Sancho, Ignatius",1,1782
774,"Sir Ralph Payne, Bart.",Letters,"Sancho, Ignatius",1,1782
775,Lady Payne,Letters,"Sancho, Ignatius",1,1782
776,Admiral Pigot,Letters,"Sancho, Ignatius",1,1782
777,Mrs. Pigot,Letters,"Sancho, Ignatius",1,1782
778,"Charles Poyntz, D. D.",Letters,"Sancho, Ignatius",1,1782
779,Miss Powys,Letters,"Sancho, Ignatius",1,1782
780,"Charles Purvis, Esq.",Letters,"Sancho, Ignatius",1,1782
781,Mrs. Purvis,Letters,"Sancho, Ignatius",1,1782
782,"William Purvis, Esq.",Letters,"Sancho, Ignatius",1,1782
783,Mrs. Purvis,Letters,"Sancho, Ignatius",1,1782
784,"R. Purvis, Esq.",Letters,"Sancho, Ignatius",1,1782
785,"Anthony Parkins, Esq.",Letters,"Sancho, Ignatius",1,1782
786,"Thomas Panton, jun. Esq.",Letters,"Sancho, Ignatius",1,1782
787,"William Pollard, Esq.",Letters,"Sancho, Ignatius",1,1782
788,"John Pardoe, Esq.",Letters,"Sancho, Ignatius",1,1782
789,"John Peachy, Esq.",Letters,"Sancho, Ignatius",1,1782
790,"John Plampin, Esq.",Letters,"Sancho, Ignatius",1,1782
791,"---- Pratt, Esq.",Letters,"Sancho, Ignatius",1,1782
792,Rev. John Weller Poley,Letters,"Sancho, Ignatius",1,1782
793,Mr. Thomas Pitt,Letters,"Sancho, Ignatius",1,1782
794,"Thomas Pomeroy, Esq.",Letters,"Sancho, Ignatius",1,1782
795,"John Phillips, Esq.",Letters,"Sancho, Ignatius",1,1782
796,"Benjamin Pidcock, Esq.",Letters,"Sancho, Ignatius",1,1782
797,"Richard Pearce, Esq.",Letters,"Sancho, Ignatius",1,1782
798,"Francis Plumer, Esq.",Letters,"Sancho, Ignatius",1,1782
799,"John Purchas, Esq.",Letters,"Sancho, Ignatius",1,1782
800,"Peregrine Phillips, sen. Esq.",Letters,"Sancho, Ignatius",1,1782
801,"Peregrine Phillips, jun. Esq.",Letters,"Sancho, Ignatius",1,1782
802,Miss Anna Maria Phillips,Letters,"Sancho, Ignatius",1,1782
803,Mr. J. Paine,Letters,"Sancho, Ignatius",1,1782
804,"Rev. S. Parker, B. A.",Letters,"Sancho, Ignatius",1,1782
805,Mr. Payne,Letters,"Sancho, Ignatius",1,1782
806,Mr. Powys,Letters,"Sancho, Ignatius",1,1782
807,Mr. C. Pigot,Letters,"Sancho, Ignatius",1,1782
808,Mr. Pate,Letters,"Sancho, Ignatius",1,1782
809,Rev. H. Punchard,Letters,"Sancho, Ignatius",1,1782
810,Mr. Pugh,Letters,"Sancho, Ignatius",1,1782
811,Mrs. Pomphrey,Letters,"Sancho, Ignatius",1,1782
812,Mr. B. Page,Letters,"Sancho, Ignatius",1,1782
813,Miss Price,Letters,"Sancho, Ignatius",1,1782
814,Mrs. Pickard,Letters,"Sancho, Ignatius",1,1782
815,Mrs. Prior,Letters,"Sancho, Ignatius",1,1782
816,Mrs. Pouilly,Letters,"Sancho, Ignatius",1,1782
817,Mr. Pillener,Letters,"Sancho, Ignatius",1,1782
818,Mr. J. Pillener,Letters,"Sancho, Ignatius",1,1782
819,Mr. Thomas Pillener,Letters,"Sancho, Ignatius",1,1782
820,Mr. Phillips,Letters,"Sancho, Ignatius",1,1782
821,Rev. Robert Phillips,Letters,"Sancho, Ignatius",1,1782
822,Miss Phillips,Letters,"Sancho, Ignatius",1,1782
823,Mrs. Prendergrass,Letters,"Sancho, Ignatius",1,1782
824,Mr. Parratt,Letters,"Sancho, Ignatius",1,1782
825,Mrs. Powell,Letters,"Sancho, Ignatius",1,1782
826,Rev. D. Potts,Letters,"Sancho, Ignatius",1,1782
827,Mr. William Pell,Letters,"Sancho, Ignatius",1,1782
828,Mr. Thomas Prentice,Letters,"Sancho, Ignatius",1,1782
829,Mr. Purkis,Letters,"Sancho, Ignatius",1,1782
830,Mr. Pigot,Letters,"Sancho, Ignatius",1,1782
831,Mr. Potts,Letters,"Sancho, Ignatius",1,1782
832,Mr. Pilkington,Letters,"Sancho, Ignatius",1,1782
833,Mr. Punchard,Letters,"Sancho, Ignatius",1,1782
834,His Grace the Duke of Queensberry,Letters,"Sancho, Ignatius",1,1782
835,"Robert Quince, Esq.",Letters,"Sancho, Ignatius",1,1782
836,Her Grace the Duchess of Richmond,Letters,"Sancho, Ignatius",1,1782
837,His Grace the Duke of Rutland,Letters,"Sancho, Ignatius",1,1782
838,Her Grace the Duchess of Rutland,Letters,"Sancho, Ignatius",1,1782
839,Right Rev. Lord Bishop of Rochester,Letters,"Sancho, Ignatius",1,1782
840,Honourable Mr. Robinson,Letters,"Sancho, Ignatius",1,1782
841,Honourable George Rawdon,Letters,"Sancho, Ignatius",1,1782
842,"Sir John Rous, Bart.",Letters,"Sancho, Ignatius",1,1782
843,Sir Walter Rawlinson,Letters,"Sancho, Ignatius",1,1782
844,Major General Roberts,Letters,"Sancho, Ignatius",1,1782
845,"Charles Ramus, Esq.",Letters,"Sancho, Ignatius",1,1782
846,"Joseph Ramus, Esq.",Letters,"Sancho, Ignatius",1,1782
847,"James Royer, Esq.",Letters,"Sancho, Ignatius",1,1782
848,"J. Reynolds, Esq.",Letters,"Sancho, Ignatius",1,1782
849,"Milward Rowe, Esq.",Letters,"Sancho, Ignatius",1,1782
850,Rev. James Robinson,Letters,"Sancho, Ignatius",1,1782
851,Mrs. Roope,Letters,"Sancho, Ignatius",1,1782
852,"John Reilly, Esq.",Letters,"Sancho, Ignatius",1,1782
853,"William Roberts, Esq.",Letters,"Sancho, Ignatius",1,1782
854,"---- Remnant, Esq.",Letters,"Sancho, Ignatius",1,1782
855,Samuel Remnant,Letters,"Sancho, Ignatius",1,1782
856,Rev. Dr. Roberts,Letters,"Sancho, Ignatius",1,1782
857,Mr. Roberts,Letters,"Sancho, Ignatius",1,1782
858,Miss Roberts,Letters,"Sancho, Ignatius",1,1782
859,Mrs. Robinson,Letters,"Sancho, Ignatius",1,1782
860,Mrs. Ricketts,Letters,"Sancho, Ignatius",1,1782
861,Mrs. Raffe,Letters,"Sancho, Ignatius",1,1782
862,Rev. Henry Robinson,Letters,"Sancho, Ignatius",1,1782
863,"John Rogers, Esq.",Letters,"Sancho, Ignatius",1,1782
864,"George Rose, Esq.",Letters,"Sancho, Ignatius",1,1782
865,"---- Robarts, Esq.",Letters,"Sancho, Ignatius",1,1782
866,Miss Rose,Letters,"Sancho, Ignatius",1,1782
867,Mrs. Roberts,Letters,"Sancho, Ignatius",1,1782
868,Rev. Christopher Robinson,Letters,"Sancho, Ignatius",1,1782
869,Rev. Mr. Rudd,Letters,"Sancho, Ignatius",1,1782
870,Rev. Thomas Reeve,Letters,"Sancho, Ignatius",1,1782
871,Rev. Mr. Reeve,Letters,"Sancho, Ignatius",1,1782
872,Rev. Tobias Rustat,Letters,"Sancho, Ignatius",1,1782
873,Mr. William Robertson,Letters,"Sancho, Ignatius",1,1782
874,Mr. James Robertson,Letters,"Sancho, Ignatius",1,1782
875,Mr. Rowning,Letters,"Sancho, Ignatius",1,1782
876,Mr. Rodwell,Letters,"Sancho, Ignatius",1,1782
877,Mr. Ratcliffe,Letters,"Sancho, Ignatius",1,1782
878,Mr. J. Raffel,Letters,"Sancho, Ignatius",1,1782
879,Mrs. Ray,Letters,"Sancho, Ignatius",1,1782
880,Mr. Ralph,Letters,"Sancho, Ignatius",1,1782
881,Miss Rodwell,Letters,"Sancho, Ignatius",1,1782
882,Mr. Ralling,Letters,"Sancho, Ignatius",1,1782
883,Mr. Robson,Letters,"Sancho, Ignatius",1,1782
884,Mrs. Roberts,Letters,"Sancho, Ignatius",1,1782
885,Miss Rawstrom,Letters,"Sancho, Ignatius",1,1782
886,Mr. Rackham,Letters,"Sancho, Ignatius",1,1782
887,Mr. Rippon,Letters,"Sancho, Ignatius",1,1782
888,Mr. Ryley,Letters,"Sancho, Ignatius",1,1782
889,Mr. Rutton,Letters,"Sancho, Ignatius",1,1782
890,Mr. J. Reid,Letters,"Sancho, Ignatius",1,1782
891,Mr. S. Rochat,Letters,"Sancho, Ignatius",1,1782
892,Mr. Relyat,Letters,"Sancho, Ignatius",1,1782
893,Mr. Reeve,Letters,"Sancho, Ignatius",1,1782
894,Mr. John Robinson,Letters,"Sancho, Ignatius",1,1782
895,Mr. George Read,Letters,"Sancho, Ignatius",1,1782
896,Mr. Thomas Rickman,Letters,"Sancho, Ignatius",1,1782
897,Mr. Ralf,Letters,"Sancho, Ignatius",1,1782
898,Mr. Richard Rush,Letters,"Sancho, Ignatius",1,1782
899,Mr. John Rush,Letters,"Sancho, Ignatius",1,1782
900,Mr. R. Rush,Letters,"Sancho, Ignatius",1,1782
901,Mr. John Robinson,Letters,"Sancho, Ignatius",1,1782
902,Miss Rayner,Letters,"Sancho, Ignatius",1,1782
903,Mr. Ruspini,Letters,"Sancho, Ignatius",1,1782
904,Earl of Spencer,Letters,"Sancho, Ignatius",1,1782
905,Countess of Spencer,Letters,"Sancho, Ignatius",1,1782
906,Earl of Shelburne,Letters,"Sancho, Ignatius",1,1782
907,Countess of Shelburne,Letters,"Sancho, Ignatius",1,1782
908,Lord Sondes,Letters,"Sancho, Ignatius",1,1782
909,Lady Southampton,Letters,"Sancho, Ignatius",1,1782
910,Lady Stapleton,Letters,"Sancho, Ignatius",1,1782
911,Lady Stawell,Letters,"Sancho, Ignatius",1,1782
912,Lady Sheffield,Letters,"Sancho, Ignatius",1,1782
913,Lady Louisa Stewart,Letters,"Sancho, Ignatius",1,1782
914,Lady Frances Scott,Letters,"Sancho, Ignatius",1,1782
915,Lady Mary Scott,Letters,"Sancho, Ignatius",1,1782
916,Lord Strathaven,Letters,"Sancho, Ignatius",1,1782
917,Honourable Thomas Sutton,Letters,"Sancho, Ignatius",1,1782
918,Honourable Mr. Shirley,Letters,"Sancho, Ignatius",1,1782
919,"George Augustus Selwyn, Esq.",Letters,"Sancho, Ignatius",1,1782
920,"Francis Stephens, Esq.",Letters,"Sancho, Ignatius",1,1782
921,"James Stephens, Esq.",Letters,"Sancho, Ignatius",1,1782
922,"William Symons, Esq.",Letters,"Sancho, Ignatius",1,1782
923,"John Symonds, Esq.",Letters,"Sancho, Ignatius",1,1782
924,"Rowland Stephenson, Esq.",Letters,"Sancho, Ignatius",1,1782
925,"Edward Stephenson, Esq.",Letters,"Sancho, Ignatius",1,1782
926,"John Stretton, Esq.",Letters,"Sancho, Ignatius",1,1782
927,"S. Streatfield, Esq.",Letters,"Sancho, Ignatius",1,1782
928,"---- Smith, Esq.",Letters,"Sancho, Ignatius",1,1782
929,"John Smith, Esq.",Letters,"Sancho, Ignatius",1,1782
930,"James Standen, Esq.",Letters,"Sancho, Ignatius",1,1782
931,"Alexander Stiell, Esq.",Letters,"Sancho, Ignatius",1,1782
932,"John Stables, Esq.",Letters,"Sancho, Ignatius",1,1782
933,"Charles Sulsh, Esq.",Letters,"Sancho, Ignatius",1,1782
934,"Thomas Swale, Esq.",Letters,"Sancho, Ignatius",1,1782
935,Mrs. Soame,Letters,"Sancho, Ignatius",1,1782
936,Mrs. Scotchmere,Letters,"Sancho, Ignatius",1,1782
937,"John Spink, Esq.",Letters,"Sancho, Ignatius",1,1782
938,Mrs. Spink,Letters,"Sancho, Ignatius",1,1782
939,Miss Spink,Letters,"Sancho, Ignatius",1,1782
940,Mr. Smith,Letters,"Sancho, Ignatius",1,1782
941,Mrs. Skeggs,Letters,"Sancho, Ignatius",1,1782
942,Mrs. Sargent,Letters,"Sancho, Ignatius",1,1782
943,Mrs. A. Scudamore,Letters,"Sancho, Ignatius",1,1782
944,Mrs. Scholey,Letters,"Sancho, Ignatius",1,1782
945,"George Steevens, Esq.",Letters,"Sancho, Ignatius",1,1782
946,Mr. Squires,Letters,"Sancho, Ignatius",1,1782
947,Miss Smith,Letters,"Sancho, Ignatius",1,1782
948,Mr. Sutton,Letters,"Sancho, Ignatius",1,1782
949,Mr. Shergold,Letters,"Sancho, Ignatius",1,1782
950,Capt. John Steele,Letters,"Sancho, Ignatius",1,1782
951,Mr. Abraham Smith,Letters,"Sancho, Ignatius",1,1782
952,Mr. John Sands,Letters,"Sancho, Ignatius",1,1782
953,Mr. John Stutter,Letters,"Sancho, Ignatius",1,1782
954,Mr. John Stedman,Letters,"Sancho, Ignatius",1,1782
955,Mr. Stedman,Letters,"Sancho, Ignatius",1,1782
956,Mrs. Stedman,Letters,"Sancho, Ignatius",1,1782
957,Mr. Simpson,Letters,"Sancho, Ignatius",1,1782
958,Mr. G. Steele,Letters,"Sancho, Ignatius",1,1782
959,Miss Siggoe,Letters,"Sancho, Ignatius",1,1782
960,Mr. R. Sturgeon,Letters,"Sancho, Ignatius",1,1782
961,Rev. Mr. Stevenson,Letters,"Sancho, Ignatius",1,1782
962,Mr. William Stevenson,Letters,"Sancho, Ignatius",1,1782
963,Mr. S. E. Stevenson,Letters,"Sancho, Ignatius",1,1782
964,Miss Stevenson,Letters,"Sancho, Ignatius",1,1782
965,Mr. Sutton,Letters,"Sancho, Ignatius",1,1782
966,Mr. Stephenson,Letters,"Sancho, Ignatius",1,1782
967,Mr. William Steele,Letters,"Sancho, Ignatius",1,1782
968,Rev. Mr. Stone,Letters,"Sancho, Ignatius",1,1782
969,Mrs. Stannard,Letters,"Sancho, Ignatius",1,1782
970,Mr. Thomas Skinner,Letters,"Sancho, Ignatius",1,1782
971,Mr. James Scott,Letters,"Sancho, Ignatius",1,1782
972,Rev. Neville Syer,Letters,"Sancho, Ignatius",1,1782
973,Rev. Mr. Steggall,Letters,"Sancho, Ignatius",1,1782
974,Rev. Bence Sparrow,Letters,"Sancho, Ignatius",1,1782
975,Miss Hannah Shelton,Letters,"Sancho, Ignatius",1,1782
976,Miss Ann Shelton,Letters,"Sancho, Ignatius",1,1782
977,Mrs. Smith,Letters,"Sancho, Ignatius",1,1782
978,Mr. S. Stephens,Letters,"Sancho, Ignatius",1,1782
979,Mr. J. Shields,Letters,"Sancho, Ignatius",1,1782
980,Mr. Sykes,Letters,"Sancho, Ignatius",1,1782
981,Lady Mary Scott,Letters,"Sancho, Ignatius",1,1782
982,Mr. John Scott,Letters,"Sancho, Ignatius",1,1782
983,Mr. T. Singleton,Letters,"Sancho, Ignatius",1,1782
984,Mrs. Smith,Letters,"Sancho, Ignatius",1,1782
985,Mrs. Stone,Letters,"Sancho, Ignatius",1,1782
986,Mr. Sparkes,Letters,"Sancho, Ignatius",1,1782
987,Rev. Mr. Shilleto,Letters,"Sancho, Ignatius",1,1782
988,Mr. Thomas Shepley,Letters,"Sancho, Ignatius",1,1782
989,Mr. R. F. Smith,Letters,"Sancho, Ignatius",1,1782
990,Mrs. Smith,Letters,"Sancho, Ignatius",1,1782
991,Mrs. Stanley,Letters,"Sancho, Ignatius",1,1782
992,Mr. Seaman,Letters,"Sancho, Ignatius",1,1782
993,Mrs. Squire,Letters,"Sancho, Ignatius",1,1782
994,Mr. George Sargent,Letters,"Sancho, Ignatius",1,1782
995,Mr. T. Shaw,Letters,"Sancho, Ignatius",1,1782
996,Mr. T. Spare,Letters,"Sancho, Ignatius",1,1782
997,Miss Styles,Letters,"Sancho, Ignatius",1,1782
998,Mr. Simes,Letters,"Sancho, Ignatius",1,1782
999,Miss Strangways,Letters,"Sancho, Ignatius",1,1782
1000,Mrs. Soley,Letters,"Sancho, Ignatius",1,1782
1001,Mr. Thomas Steele,Letters,"Sancho, Ignatius",1,1782
1002,Mr. Snelling,Letters,"Sancho, Ignatius",1,1782
1003,Mr. Smith,Letters,"Sancho, Ignatius",1,1782
1004,Mr. Simons,Letters,"Sancho, Ignatius",1,1782
1005,"Mr. Lionel Self, jun.",Letters,"Sancho, Ignatius",1,1782
1006,Mr. Sutherland,Letters,"Sancho, Ignatius",1,1782
1007,Mr. Scott,Letters,"Sancho, Ignatius",1,1782
1008,H---- S----,Letters,"Sancho, Ignatius",1,1782
1009,Mr. Singleton,Letters,"Sancho, Ignatius",1,1782
1010,Lord Thurlow,Letters,"Sancho, Ignatius",1,1782
1011,Honourable Charles Townshend,Letters,"Sancho, Ignatius",1,1782
1012,Honourable Mrs. Charles Townshend,Letters,"Sancho, Ignatius",1,1782
1013,Honourable Mr. H. Tracy,Letters,"Sancho, Ignatius",1,1782
1014,Honourable Mrs. H. Tracy,Letters,"Sancho, Ignatius",1,1782
1015,Honourable Mrs. Tracy,Letters,"Sancho, Ignatius",1,1782
1016,Mrs. Tracy,Letters,"Sancho, Ignatius",1,1782
1017,"Anthony Todd, Esq.",Letters,"Sancho, Ignatius",1,1782
1018,"Thomas Todd, Esq.",Letters,"Sancho, Ignatius",1,1782
1019,Miss Todd,Letters,"Sancho, Ignatius",1,1782
1020,"Framingham Thurston, Esq.",Letters,"Sancho, Ignatius",1,1782
1021,"John Trenchard, Esq.",Letters,"Sancho, Ignatius",1,1782
1022,"F. Trussen, Esq.",Letters,"Sancho, Ignatius",1,1782
1023,Miss Tuting,Letters,"Sancho, Ignatius",1,1782
1024,Mr. Thompson,Letters,"Sancho, Ignatius",1,1782
1025,Mrs. Mary Turner,Letters,"Sancho, Ignatius",1,1782
1026,Mr. Thompson,Letters,"Sancho, Ignatius",1,1782
1027,Mrs. Taylor,Letters,"Sancho, Ignatius",1,1782
1028,Rev. Mr. Till,Letters,"Sancho, Ignatius",1,1782
1029,Mr. Taylor,Letters,"Sancho, Ignatius",1,1782
1030,Mrs. Thurlow,Letters,"Sancho, Ignatius",1,1782
1031,Mrs. Twight,Letters,"Sancho, Ignatius",1,1782
1032,Mr. Taylor,Letters,"Sancho, Ignatius",1,1782
1033,Rev. Mr. Travell,Letters,"Sancho, Ignatius",1,1782
1034,Rev. Mr. Treminier,Letters,"Sancho, Ignatius",1,1782
1035,Rev. Mr. Taylor,Letters,"Sancho, Ignatius",1,1782
1036,Mr. Topham,Letters,"Sancho, Ignatius",1,1782
1037,Mrs. A. Tappy,Letters,"Sancho, Ignatius",1,1782
1038,Mr. Turner,Letters,"Sancho, Ignatius",1,1782
1039,Miss Tomlinson,Letters,"Sancho, Ignatius",1,1782
1040,Rev. Mr. Tooke,Letters,"Sancho, Ignatius",1,1782
1041,Rev. Mr. Taylor,Letters,"Sancho, Ignatius",1,1782
1042,Rev. Daniel Turner,Letters,"Sancho, Ignatius",1,1782
1043,Mrs. M. Thrale,Letters,"Sancho, Ignatius",1,1782
1044,Miss Tatnall,Letters,"Sancho, Ignatius",1,1782
1045,Mr. Tregent,Letters,"Sancho, Ignatius",1,1782
1046,Mr. Thorley,Letters,"Sancho, Ignatius",1,1782
1047,"Mr. Tattersal, sen.",Letters,"Sancho, Ignatius",1,1782
1048,"Mr. Tattersal, jun.",Letters,"Sancho, Ignatius",1,1782
1049,Mr. Truelove,Letters,"Sancho, Ignatius",1,1782
1050,Mr. Towers,Letters,"Sancho, Ignatius",1,1782
1051,Mr. Tilt,Letters,"Sancho, Ignatius",1,1782
1052,Mrs. Mary Towshend,Letters,"Sancho, Ignatius",1,1782
1053,Mrs. Thomas,Letters,"Sancho, Ignatius",1,1782
1054,Mr. Tuck,Letters,"Sancho, Ignatius",1,1782
1055,D. L. T.,Letters,"Sancho, Ignatius",1,1782
1056,"Sir Gerard Vanneck, Bart.",Letters,"Sancho, Ignatius",1,1782
1057,Miss Vanneck,Letters,"Sancho, Ignatius",1,1782
1058,Miss Verney,Letters,"Sancho, Ignatius",1,1782
1059,Miss Sarah Vere,Letters,"Sancho, Ignatius",1,1782
1060,Mr. Abraham Vickery,Letters,"Sancho, Ignatius",1,1782
1061,Lord Willoughby de Broke,Letters,"Sancho, Ignatius",1,1782
1062,Lady Willoughby de Broke,Letters,"Sancho, Ignatius",1,1782
1063,Lord Walpole,Letters,"Sancho, Ignatius",1,1782
1064,Lady Anna Maria Waldegrave,Letters,"Sancho, Ignatius",1,1782
1065,Lady Horatia Waldegrave,Letters,"Sancho, Ignatius",1,1782
1066,Honourable Percy Wyndham,Letters,"Sancho, Ignatius",1,1782
1067,Honourable Charles Wyndham,Letters,"Sancho, Ignatius",1,1782
1068,Honourable Horatio Walpole,Letters,"Sancho, Ignatius",1,1782
1069,Honourable Mrs. R. Walpole,Letters,"Sancho, Ignatius",1,1782
1070,Honourable Mr. Watson,Letters,"Sancho, Ignatius",1,1782
1071,"Sir Watkin Williams Wynne, Bart.",Letters,"Sancho, Ignatius",1,1782
1072,Lady Williams Wynne,Letters,"Sancho, Ignatius",1,1782
1073,"Benjamin Waye, Esq.",Letters,"Sancho, Ignatius",1,1782
1074,"Gregory Waye, Esq.",Letters,"Sancho, Ignatius",1,1782
1075,"---- Woodhouse, Esq.",Letters,"Sancho, Ignatius",1,1782
1076,"G. Waddington, Esq.",Letters,"Sancho, Ignatius",1,1782
1077,"Humphry Walcot, Esq.",Letters,"Sancho, Ignatius",1,1782
1078,"John Walcot, Esq.",Letters,"Sancho, Ignatius",1,1782
1079,"John Wastell, Esq.",Letters,"Sancho, Ignatius",1,1782
1080,"T. Walker, Esq.",Letters,"Sancho, Ignatius",1,1782
1081,"Thomas Woodward, Esq.",Letters,"Sancho, Ignatius",1,1782
1082,"George Whatley, Esq.",Letters,"Sancho, Ignatius",1,1782
1083,"William Ward, Esq.",Letters,"Sancho, Ignatius",1,1782
1084,"Edward Williams, Esq.",Letters,"Sancho, Ignatius",1,1782
1085,"Fowler Walker, Esq.",Letters,"Sancho, Ignatius",1,1782
1086,Mr. C. Walker,Letters,"Sancho, Ignatius",1,1782
1087,"Daniel Wilson, Esq.",Letters,"Sancho, Ignatius",1,1782
1088,Mrs. Wilson,Letters,"Sancho, Ignatius",1,1782
1089,Rev. Dr. Wollaston,Letters,"Sancho, Ignatius",1,1782
1090,"Michael Wodhull, Esq.",Letters,"Sancho, Ignatius",1,1782
1091,Mrs. Wodhull,Letters,"Sancho, Ignatius",1,1782
1092,Rev. Mr. Waring,Letters,"Sancho, Ignatius",1,1782
1093,"Dr. Richard Warren, F. R. S.",Letters,"Sancho, Ignatius",1,1782
1094,Mr. Waddington,Letters,"Sancho, Ignatius",1,1782
1095,Mr. Edward Whiteside,Letters,"Sancho, Ignatius",1,1782
1096,Mr. J. Warbruck,Letters,"Sancho, Ignatius",1,1782
1097,Mr. Wilson,Letters,"Sancho, Ignatius",1,1782
1098,Mr. Wall,Letters,"Sancho, Ignatius",1,1782
1099,Miss Wyard,Letters,"Sancho, Ignatius",1,1782
1100,Mr. Warren,Letters,"Sancho, Ignatius",1,1782
1101,Mr. Wood,Letters,"Sancho, Ignatius",1,1782
1102,Mrs. Christian Williams,Letters,"Sancho, Ignatius",1,1782
1103,Mr. Thomas Wilson,Letters,"Sancho, Ignatius",1,1782
1104,Mr. White,Letters,"Sancho, Ignatius",1,1782
1105,Miss Hannah Wilkinson,Letters,"Sancho, Ignatius",1,1782
1106,"Robert White, M. D.",Letters,"Sancho, Ignatius",1,1782
1107,Mr. J. Weatherall,Letters,"Sancho, Ignatius",1,1782
1108,Rev. Mr. Wright,Letters,"Sancho, Ignatius",1,1782
1109,Mr. Robert Wyatt,Letters,"Sancho, Ignatius",1,1782
1110,Mr. William Withey,Letters,"Sancho, Ignatius",1,1782
1111,Mr. Walmesley,Letters,"Sancho, Ignatius",1,1782
1112,Mr. Henry Wood,Letters,"Sancho, Ignatius",1,1782
1113,Dr. Warren,Letters,"Sancho, Ignatius",1,1782
1114,Mr. Whitmore,Letters,"Sancho, Ignatius",1,1782
1115,Mr. Woodford,Letters,"Sancho, Ignatius",1,1782
1116,Miss E. Walker,Letters,"Sancho, Ignatius",1,1782
1117,Mr. Warburton,Letters,"Sancho, Ignatius",1,1782
1118,Mr. Michael Williams,Letters,"Sancho, Ignatius",1,1782
1119,Mr. Wheatley,Letters,"Sancho, Ignatius",1,1782
1120,Mr. Weatherby,Letters,"Sancho, Ignatius",1,1782
1121,Mr. James Weatherby,Letters,"Sancho, Ignatius",1,1782
1122,Mr. Thomas Watson,Letters,"Sancho, Ignatius",1,1782
1123,Mr. Warrand,Letters,"Sancho, Ignatius",1,1782
1124,Mrs. Worledge,Letters,"Sancho, Ignatius",1,1782
1125,Mr. Wingrave,Letters,"Sancho, Ignatius",1,1782
1126,Mrs. Wingrave,Letters,"Sancho, Ignatius",1,1782
1127,Mr. Wells,Letters,"Sancho, Ignatius",1,1782
1128,Mr. James Webb,Letters,"Sancho, Ignatius",1,1782
1129,Mr. Joseph White,Letters,"Sancho, Ignatius",1,1782
1130,Mrs. Wase,Letters,"Sancho, Ignatius",1,1782
1131,Mrs. Webster,Letters,"Sancho, Ignatius",1,1782
1132,Mrs. Woodford,Letters,"Sancho, Ignatius",1,1782
1133,Mr. Webster,Letters,"Sancho, Ignatius",1,1782
1134,Mr. D. Webster,Letters,"Sancho, Ignatius",1,1782
1135,Mr. Wright,Letters,"Sancho, Ignatius",1,1782
1136,Mr. Wolfe,Letters,"Sancho, Ignatius",1,1782
1137,Mr. Wyman,Letters,"Sancho, Ignatius",1,1782
1138,Mr. F. Woolston,Letters,"Sancho, Ignatius",1,1782
1139,Mr. Benjamin Wiseman,Letters,"Sancho, Ignatius",1,1782
1140,Mr. Wood,Letters,"Sancho, Ignatius",1,1782
1141,Miss Wilding,Letters,"Sancho, Ignatius",1,1782
1142,Mr. Walker,Letters,"Sancho, Ignatius",1,1782
1143,Miss Wye,Letters,"Sancho, Ignatius",1,1782
1144,Mrs. Wilkes,Letters,"Sancho, Ignatius",1,1782
1145,Mr. Wood,Letters,"Sancho, Ignatius",1,1782
1146,Mr. W. Windle,Letters,"Sancho, Ignatius",1,1782
1147,Mr. Wigley,Letters,"Sancho, Ignatius",1,1782
1148,Capt. Williams,Letters,"Sancho, Ignatius",1,1782
1149,Mr. B. West,Letters,"Sancho, Ignatius",1,1782
1150,Lady Yates,Letters,"Sancho, Ignatius",1,1782
1151,Rev. Dr. Yates,Letters,"Sancho, Ignatius",1,1782
1152,"Rev. S. Yorke, A. B.",Letters,"Sancho, Ignatius",1,1782
1153,Miss Yorke,Letters,"Sancho, Ignatius",1,1782
1154,Miss Younge,Letters,"Sancho, Ignatius",1,1782
1155,Mr. Robert Young,Letters,"Sancho, Ignatius",1,1782
1156,Mr. Young,Letters,"Sancho, Ignatius",1,1782
1157,Mrs. Yeates,Letters,"Sancho, Ignatius",1,1782
1158,A Young Gentleman.,Letters,"Sancho, Ignatius",1,1782
1159,R. B.,Letters,"Sancho, Ignatius",1,1782
1160,Mr. Bayley,Letters,"Sancho, Ignatius",1,1782
1161,"John Belchier, Esq.",Letters,"Sancho, Ignatius",1,1782
1162,Mr. Berthaud,Letters,"Sancho, Ignatius",1,1782
1163,Mr. Thomas Bowyer,Letters,"Sancho, Ignatius",1,1782
1164,"George Brough, Esq.",Letters,"Sancho, Ignatius",1,1782
1165,Mr. Cave,Letters,"Sancho, Ignatius",1,1782
1166,"Herbert Croft, jun. Esq.",Letters,"Sancho, Ignatius",1,1782
1167,Mrs. Durant,Letters,"Sancho, Ignatius",1,1782
1168,Mr. Dutton,Letters,"Sancho, Ignatius",1,1782
1169,Mr. Robert Edmunds,Letters,"Sancho, Ignatius",1,1782
1170,"Sir Samuel Fludyer, Bart.",Letters,"Sancho, Ignatius",1,1782
1171,Mr. Fell,Letters,"Sancho, Ignatius",1,1782
1172,"Randolph Greenway, Esq.",Letters,"Sancho, Ignatius",1,1782
1173,Mr. Henderson,Letters,"Sancho, Ignatius",1,1782
1174,"Sir Lionel Lyde, Bart.",Letters,"Sancho, Ignatius",1,1782
1175,"Anthony Lax, Esq.",Letters,"Sancho, Ignatius",1,1782
1176,Mr. Aubrey Joseph Lum,Letters,"Sancho, Ignatius",1,1782
1177,"Nathaniel Polhill, Esq.",Letters,"Sancho, Ignatius",1,1782
1178,Mr. John Watson Reed,Letters,"Sancho, Ignatius",1,1782
1179,Mr. Isaac Reed,Letters,"Sancho, Ignatius",1,1782
1180,Mr. Robson,Letters,"Sancho, Ignatius",1,1782
1181,"Henry Stapleton, Esq.",Letters,"Sancho, Ignatius",1,1782
